Tiempo;Ang_Cade_iz;Ang_Cade_de;Ang_Rod_iz;Ang_Rod_de;Ang_Tob_iz;Ang_Tob_de
2023-10-20 15:27:17.938025;0.5673321429904377;13.061192800100713;2.0206692498325083;10.272746052052554;41.482348145087656;26.305342464123157
2023-10-20 15:27:17.969639;35.95788057818359;61.090810909247566;65.96085087804224;81.98076110147089;78.19068706430198;42.13655592012282
2023-10-20 15:27:18.006177;33.26308022420642;58.50899813278048;67.61263838826125;81.62216573944032;75.03572031929276;42.65372129721163
2023-10-20 15:27:18.032545;26.716553366971283;46.83288009607935;67.4331639484802;67.58768889244757;91.12508353680352;42.4111477328573
2023-10-20 15:27:18.064110;24.81202375571658;45.16877028661352;62.3508458934577;66.90372773828683;89.05481881845222;52.04530542592492
2023-10-20 15:27:18.095688;26.914639740659027;43.746931118665856;65.52203788732876;64.92066539012026;77.2795208404624;58.45415833273606
2023-10-20 15:27:18.111421;25.30130785043164;41.26589550933886;54.61620786791285;60.20451085582751;64.85827362734594;50.99051234791938
2023-10-20 15:27:18.143186;25.336031162081014;39.62842251366894;47.55367679575997;48.9792411340116;47.684991929304886;42.44096907056175
2023-10-20 15:27:18.174484;26.94338603168535;36.90100680170244;49.08910215864745;45.55678223905724;48.2273154226944;41.95611935547868
2023-10-20 15:27:18.212300;29.07505642853488;36.3953918094721;49.325172360766686;46.418459288207885;46.40534479265074;55.86565558441174
2023-10-20 15:27:18.237638;28.385348455716496;36.52897366170984;50.19856476328263;52.28611403511114;50.787761572480065;56.23911057397838
2023-10-20 15:27:18.269404;28.848697169825954;35.437766380617916;48.59758564338472;49.39754072422022;49.36883268850886;53.42771035934486
2023-10-20 15:27:18.306117;29.169433438609133;40.563061554799646;46.923331701646106;55.80322114764972;56.87309064984312;57.008422984679925
2023-10-20 15:27:18.332860;33.8887826509137;41.16295859204229;58.81932750474702;65.26240580817436;56.17074716483519;58.17920824301663
2023-10-20 15:27:18.379565;33.42797690115634;48.57038112623533;61.37522595531338;82.39528029537779;66.79431754685181;52.496656244068035
2023-10-20 15:27:18.411198;38.96336971326264;49.30538546197755;67.32812963023603;86.22991802695927;72.73943479947039;49.87761951289363
2023-10-20 15:27:18.442930;34.450649903474726;54.91111048312473;62.92240380556686;87.57889386106204;65.18853073767289;46.30313043068699
2023-10-20 15:27:18.474557;34.69708775503409;58.0540856941885;63.632603049707214;90.65841400583142;60.166349802725605;39.01675635866539
2023-10-20 15:27:18.510861;32.55101123835479;55.67145705255486;63.6156788708667;92.56020917502525;57.63412528664114;35.83072051934073
2023-10-20 15:27:18.538422;33.486034849761865;68.7162167578961;35.68372651182699;89.69820210088503;72.69019188491383;36.69452735233736
2023-10-20 15:27:18.569763;31.927732834425456;61.854560453416354;21.754993206725032;76.87787166203739;80.45769180171057;40.77087480603214
2023-10-20 15:27:18.617471;9.2385704242879;16.556862687121992;19.280027929224275;17.386369124810187;71.28900298347388;50.761779152847254
2023-10-20 15:27:18.649192;14.59383289668122;44.35669741017227;14.200535104888075;49.76040304170678;101.03087620164476;49.98653316007761
2023-10-20 15:27:18.680568;3.2159661600028073;29.833938854119396;1.2459980161043234;31.10255018613529;124.46737677853321;62.76857474403441
2023-10-20 15:27:19.791670;10.003720815763558;5.599809605451327;4.842549458188046;15.187125413352561;13.500694754213555;22.266976977532863
2023-10-20 15:27:19.823125;4.250148624939158;11.474118129853167;9.263179042609238;12.104746041845118;63.55726350645942;24.694869232868967
2023-10-20 15:27:19.849672;19.62870281957754;11.319767815012483;0.4086945488658955;11.816915044393994;27.972017918817556;22.167603574195425
2023-10-20 15:27:19.881461;19.985125590843467;8.983616551378788;2.1700396843061185;10.647987215293654;21.713935081776384;22.848662239963147
2023-10-20 15:27:19.912718;19.53706771805065;8.3455427347632;1.071544439953101;9.279382004239977;21.51095426738692;25.155274527343494
2023-10-20 15:27:19.945200;12.728439535252534;8.963952664540585;3.69495811212019;6.819571833959003;26.426904932557136;27.952543428146868
2023-10-20 15:27:19.981193;11.382924645442785;8.038015399525506;5.709032637073705;5.311643560112884;22.407829394618005;26.755291986382957
2023-10-20 15:27:20.007445;18.258767115060778;7.295751523387025;0.28965267487089363;4.412871897375965;23.49425190469819;28.413088488116927
2023-10-20 15:27:20.039285;20.74573489829359;8.733829592858854;4.095734021616948;4.4951695974244785;30.65066795705286;30.325440162851578
2023-10-20 15:27:20.075804;21.275126654357564;8.933563405677404;6.037559700578271;4.040631326118273;27.722231159952997;31.681528673756787
2023-10-20 15:27:20.091318;22.5701614173517;10.450068535983576;7.432091574519575;6.7246080991604344;29.278090780353125;35.158520676949394
2023-10-20 15:27:20.135716;27.313181537629873;10.89032018486219;5.741478647428664;6.524924711979708;26.615737841373885;38.04228029936468
2023-10-20 15:27:20.170984;21.32034589634665;16.807646679625122;0.6267628053948613;9.615911527279934;28.941542627004594;38.61835180811343
2023-10-20 15:27:20.203009;25.957622865987872;18.073354223173965;1.2114451973086773;10.313557226725038;30.50576098651331;37.1281949043435
2023-10-20 15:27:20.236111;22.332880040114645;22.37577469787456;2.207981673746332;10.835672612582528;29.700322872796562;38.66458321185979
2023-10-20 15:27:20.265860;10.633399739313916;21.998626532775035;5.053775679838338;8.876611185321309;29.0935639480916;37.79844645442046
2023-10-20 15:27:20.297863;2.8327059817947884;19.510727631596524;6.306906929397854;9.249906796457822;28.998120114367083;35.64199331724561
2023-10-20 15:27:20.329125;0.41955524609835493;18.537098904451852;6.838064906139493;7.207860917381282;32.740968062385946;35.395267941035144
2023-10-20 15:27:20.362159;0.8983734407088093;18.463952318305417;7.980388725058333;9.883356335075717;34.55281197871855;32.89930184259512
2023-10-20 15:27:20.392734;16.46937898483492;7.778342602348857;5.7971516676102794;9.13275246735438;2.9606466182441977;22.77748853752138
2023-10-20 15:27:20.424213;12.493812265480216;15.913722267834117;11.282943438251124;18.75459402245599;36.81908620315312;27.821096762272163
2023-10-20 15:27:20.461023;8.05347197020788;12.894826338263726;10.983071152034881;17.583153739268738;1.248342858054059;29.231782525720945
2023-10-20 15:27:20.487791;8.769578564607798;9.439204259729792;12.148148020484456;8.88610942517849;9.874059251757416;5.128295259863734
2023-10-20 15:27:20.519187;2.3124915160234707;10.382571580092446;4.287091569701175;7.707922804310812;5.697615326752128;7.117468823761527
2023-10-20 15:27:20.550664;4.641100521100725;10.341573793501453;4.297135010890457;5.325505378286465;3.593485842875907;16.621971437945973
2023-10-20 15:27:20.581599;5.847187076536386;10.219144480221246;3.9510559309209725;4.978731660962637;3.1153195901595723;22.290817109257688
2023-10-20 15:27:20.613157;5.836390975532794;7.596258209195128;6.799016771167942;7.130252210062395;38.74608042689616;8.72044000931541
2023-10-20 15:27:20.644769;7.633541966595743;9.094833469611217;7.471733125926278;7.578421020474366;47.04954825763653;20.265290054573484
2023-10-20 15:27:20.676929;8.470276861375595;9.594883965884776;4.905807184437521;9.360954862796063;38.00286715357717;25.737473043013807
2023-10-20 15:27:20.718642;8.738620243082437;10.161338241593995;3.466794860618819;9.301260940303933;35.119955329680465;26.612767826061287
2023-10-20 15:27:20.750931;9.661073955450036;9.537817420214509;2.192804906273892;11.296118789992732;31.96999989922699;26.366864405449462
2023-10-20 15:27:20.782937;9.09282132609738;11.079549149093111;1.7238602177955045;10.729093868470045;28.750105851143644;25.85715351955679
2023-10-20 15:27:20.819899;9.951267227102136;11.535761555489785;1.291163344497079;11.912308826636718;30.238184593630137;21.2784946728504
2023-10-20 15:27:20.851385;10.418922527515946;13.87785277427082;1.2980908409363394;14.922444977538277;31.78346994224401;13.467941432295277
2023-10-20 15:27:20.883518;6.864617367253629;10.472939220617377;3.2447133656344818;14.930016176102669;33.27957504370437;11.083468121679005
2023-10-20 15:27:20.909202;9.21852602827164;10.119216148491972;3.045507812268113;13.768748187720632;32.2910935990333;16.225656909099484
2023-10-20 15:27:20.947236;9.462663006847379;10.552940134952166;3.239671243627612;13.08821961967422;33.25126816569963;15.828428119690642
2023-10-20 15:27:20.978735;10.454518414734935;8.06159887777443;2.6478040011784856;9.880934689038128;33.02576206955166;11.954420837685973
2023-10-20 15:27:21.010091;10.889272186039335;6.200284050256926;2.4396155304270906;7.153208671640527;36.93935906948465;17.616049172322818
2023-10-20 15:27:21.042222;10.957044785361205;5.266652425168189;3.3534629258930124;5.123375570521546;39.12978135783055;25.48227017415215
2023-10-20 15:27:21.084189;10.739654630195588;5.720546163479497;3.5821618147404024;4.869873941932042;40.4352022199065;27.65482260558636
2023-10-20 15:27:21.115849;11.849071527568896;4.353413225772584;3.028490864974515;3.9067918064775427;40.66398146847425;27.405959161606688
2023-10-20 15:27:21.147846;11.903154550455355;4.032683357980915;2.841671768002527;3.395443685482462;39.596375768758804;25.779849211082848
2023-10-20 15:27:21.178427;12.543857940078396;3.843692335214797;3.1369333625838465;3.4362751492428174;40.2675689353853;27.557644991264397
2023-10-20 15:27:21.205149;12.579884833586789;3.6467040529824715;3.478370388146516;2.8468663168390265;40.95753457103524;28.519854274823615
2023-10-20 15:27:21.258738;10.761575303534812;4.737689158749873;4.627887250749666;2.43988886667114;43.10808549909265;29.1676133795778
2023-10-20 15:27:21.280249;10.525817113892572;4.237420657025467;3.7744603352929005;0.5539342678646904;40.76360520094116;29.1676133795778
2023-10-20 15:27:21.316451;9.683602545060126;5.808628609402149;3.2106431157362465;1.2708966995850801;43.10808549909265;27.751956564874206
2023-10-20 15:27:21.343841;9.798516613422606;5.841881987589403;3.053703612767805;0.7233536047457392;40.265768260243874;21.161865691811215
2023-10-20 15:27:21.364519;10.32996496211237;5.9989673729605215;3.5065093116045034;0.7820282696791878;39.57281112090547;19.362734597383707
2023-10-20 15:27:21.390268;10.282855207556537;4.776849569586943;2.66267475445855;1.1550003680448242;37.24706787650382;18.013399135783033
2023-10-20 15:27:21.421784;9.815505334851423;6.009005957494537;2.076101227025873;1.1550003680451368;35.5493652425867;19.58994919096679
2023-10-20 15:27:21.458560;10.040711627739341;6.131406904430008;1.983528401083987;2.7027571611755548;37.11629576427251;21.613034407284175
2023-10-20 15:27:21.495104;9.88941942255687;5.727122252546934;1.1895722678867742;4.042998711396024;35.48699279867574;23.036913015150276
2023-10-20 15:27:21.517063;9.469126124335276;7.185299391689057;0.4391370591079067;4.051683837828335;35.81075864243786;23.922505883013258
2023-10-20 15:27:21.549171;9.135173950568372;9.686799739771658;0.7193075933437569;3.6005395189080787;35.614029575161;31.07536349334984
2023-10-20 15:27:21.580793;11.533090122268703;9.143238871478673;2.0390238735154185;4.808005163923951;36.34716507886762;34.52835035928868
2023-10-20 15:27:21.617017;13.026734548260151;8.908405386484475;4.449174077900864;4.8611990912196745;35.655927031443184;37.06320933658566
2023-10-20 15:27:21.644676;11.981790588982733;8.551387258324581;3.8673249286615032;5.363914696249651;35.22630711725671;39.48143658685811
2023-10-20 15:27:21.685409;12.401265874949644;8.383015684500293;3.8390786393115377;5.363914696249651;33.75508767454741;42.518536731395415
2023-10-20 15:27:21.716963;12.142625810964944;11.256067045912005;2.6705354137302777;4.003604481698886;36.67917789024136;44.49594456268193
2023-10-20 15:27:21.739742;11.746950397896029;12.107011883153604;2.0193126965005206;2.829645821471246;36.37235235496462;41.000959768651825
2023-10-20 15:27:21.770570;10.095484016251135;14.850660416719592;2.0601110237232945;1.4410392966357222;33.91461291190984;39.77622011571265
2023-10-20 15:27:21.817788;6.990835849026951;14.351279747146492;3.4433298422743235;3.3761368251560384;38.36924205116526;41.84989724215501
2023-10-20 15:27:21.839965;12.882250592003572;7.608033475014196;4.084284606558668;7.117430518214917;42.15237224610823;40.837250490962475
2023-10-20 15:27:21.881100;14.548500984871112;11.202959367963615;4.681043315202743;1.094841366395201;45.53485917840146;38.26111051188752
2023-10-20 15:27:21.917669;13.862249925137974;11.216343861391692;5.407987316266599;0.5529543857365979;43.389815329348124;33.77905579624803
2023-10-20 15:27:21.945089;11.844275802758432;13.276652011504382;7.764518012956955;1.7214107449924256;38.48811953239334;29.312649751683892
2023-10-20 15:27:21.986663;4.660470314040452;0.14930366192328393;0.39867673822169536;3.2888458597280135;46.34571172923228;34.386919110449725
2023-10-20 15:27:22.018695;4.202679503719338;1.0127974191227054;1.4751018008568906;3.702292176623615;25.437590775435154;32.65085242382969
2023-10-20 15:27:22.040713;7.889431150019874;17.871234975911335;1.325372843922338;3.4345486419174733;33.89942997849468;41.454349852581146
2023-10-20 15:27:22.072357;7.882805496815678;15.770946873439442;2.995970034521463;2.278465977080174;32.179125007405474;38.14175967302043
2023-10-20 15:27:22.109184;7.5647084268973686;15.643430944918833;0.61411725360216;2.0532338322597923;30.47911531275429;38.38628482110096
2023-10-20 15:27:22.152424;7.14828839454043;17.72462815636686;1.00069787785867;3.100382220910177;29.496336496103794;41.36649618175005
2023-10-20 15:27:22.183511;9.331289461161987;0.4956059288265635;7.256201062628975;10.347427183737295;39.85367836854476;46.4134432770864
2023-10-20 15:27:22.220124;7.1414679562642505;15.468883269311647;3.5780473008589126;1.0284797197140563;22.21448665499986;17.590765113648672
2023-10-20 15:27:22.247963;17.079266548629448;7.859841247661819;4.083765560880096;0.5003870987925723;42.24730973562197;25.406120900722158
2023-10-20 15:27:22.279087;9.089189567657257;0.8724531798818873;3.4988730260757848;13.581966062345884;38.14583225272128;42.63827287604616
2023-10-20 15:27:22.310567;10.229216840030261;2.7269309959027623;0.08891330465996816;3.94965823995571;10.42406965219206;11.157371327963432
2023-10-20 15:27:22.341370;7.231599398196607;5.657032538728828;7.516862496073827;6.864440606566944;37.583110981076544;40.81940743203555
2023-10-20 15:27:22.373127;2.244507596674339;16.499600722632294;3.0876512849849007;3.5701589821382242;38.45370921670599;46.24208130089886
2023-10-20 15:27:22.409349;5.617119187211159;21.429900484170673;0.33136479409432695;1.0886947615846054;32.614826433460905;39.3729968891077
2023-10-20 15:27:22.441889;2.9790648450990886;16.55211246044601;0.3572550512912187;1.7460671489928359;30.220551393810922;42.605634866933684
2023-10-20 15:27:22.479150;8.344391320448636;1.471217829474;2.282023219913043;4.288702622191778;24.220503687619498;10.751997449574873
2023-10-20 15:27:22.501247;7.087512146891811;10.431630477570167;2.1835283698671333;5.074313697531721;35.428597988625825;16.26436370897102
2023-10-20 15:27:22.532575;11.802488551555058;12.366497153214823;5.77561769552085;6.377808847178301;22.43388882497615;12.07443942555409
2023-10-20 15:27:22.564611;9.251107582924249;8.410457113225135;4.858681446817087;11.413955341423332;13.24770115263928;4.053170998705156
2023-10-20 15:27:22.595970;9.82346598722225;13.841484823049598;8.71378582965528;8.489873718047221;4.081534090801142;15.174525878366012
2023-10-20 15:27:22.627639;10.512538795695718;18.787571977677743;10.678744643871056;11.496695100411102;1.2322514563966536;39.992338145303194
2023-10-20 15:27:22.659274;10.70836129038318;18.855793599035422;11.67984732296162;9.161267073250684;2.334651966176409;31.183863349323445
2023-10-20 15:27:22.680115;7.672738643343962;15.70309622887612;6.382459874452962;10.027348504715803;6.045249442321591;35.87929124086614
2023-10-20 15:27:22.711281;9.48139525203095;16.088792719630902;7.347391696835189;4.670456999979137;0.5589654808318301;57.925313753006165
2023-10-20 15:27:22.742207;5.46769641777135;11.05857075591311;6.144743318726256;2.1163243836705306;2.216958578539021;55.43465135477206
2023-10-20 15:27:22.770495;18.483643093550143;12.042252989400907;14.461618367224446;9.738288912726148;15.211463744853376;1.3397704457953807
2023-10-20 15:27:22.817487;18.66068992024114;11.882892417256812;12.297864825156665;9.126693173837737;27.34359032993609;19.752270317725504
2023-10-20 15:27:22.850163;15.094887876894575;12.209939417154175;9.496536274566438;9.190756295432891;24.343843614756082;11.843045064761725
2023-10-20 15:27:22.882038;21.834551900320946;12.950486213609167;21.90490421250678;8.376005477426645;26.96257929008445;17.387463383241766
2023-10-20 15:27:22.913504;22.28944750413649;12.036937730645008;21.158138717414175;6.144726266309419;29.40225922534276;19.474935806304046
2023-10-20 15:27:22.945388;23.018106538857893;11.687203883897467;23.474147094237026;5.4059872847794;29.278298093341846;18.756326311326944
2023-10-20 15:27:22.977023;24.32056765948485;10.105036365038018;23.218948703779233;3.6883993282478684;31.788099352918692;14.231930583557045
2023-10-20 15:27:23.003433;23.768427528851845;9.915937233296177;20.81466323787751;2.450313618737624;32.066411886774915;12.107881166063635
2023-10-20 15:27:23.035580;21.928162039977337;12.896557339739246;16.53968557581237;4.1142877129635735;29.41892905128006;16.757309356768502
2023-10-20 15:27:23.067692;21.47452408076009;12.54087760143409;15.415692619292088;4.860857154744394;39.12653996859791;21.704194022333667
2023-10-20 15:27:23.099617;21.29931638852591;13.248892818753632;11.889113270637523;4.88600841431122;39.79653013437911;24.858872882630976
2023-10-20 15:27:23.120893;9.382467938261925;9.782407031807224;12.145128649353069;19.683327546441035;46.462748520920854;10.22100533841541
2023-10-20 15:27:23.157994;12.417944579135451;13.999403235412558;12.148047210334141;15.652605345576774;25.74473584323681;17.267699559060247
2023-10-20 15:27:23.185940;12.27239776581925;30.888477521322926;0.41836073752347147;14.167334061319224;24.797627939662988;15.081087378088284
2023-10-20 15:27:23.216407;14.552133200979796;30.880166020830842;1.3358944306665137;14.74917203504566;14.337257331115183;9.697889241968198
2023-10-20 15:27:23.249064;12.321265791058977;30.72968197433326;4.130467405037535;13.254468095796824;15.677091015308832;13.70836597356299
2023-10-20 15:27:23.280809;32.02466822233774;14.540691778613137;9.774178032508331;0.5163423270082035;15.995149591830426;26.9182882522407
2023-10-20 15:27:23.307292;34.50101841201359;17.066311758864288;8.53062382333951;1.4787745644248957;22.120044133713378;21.50743553163673
2023-10-20 15:27:23.338817;36.42453852944604;17.402892474760307;11.759673210477189;2.1932345763755734;29.092550251441907;16.55707137563664
2023-10-20 15:27:23.360276;36.565917157791034;18.52198171876219;13.89381817300486;3.646937320995505;26.565051177078004;19.09469559219019
2023-10-20 15:27:23.391997;35.52001175445133;17.783579196580803;8.466548482265438;2.666321298054953;29.891679943158408;17.170750896948704
2023-10-20 15:27:23.439139;34.94227977801492;17.62623473919399;8.411431319761476;2.1936246144629195;31.313426206957615;14.250032697803618
2023-10-20 15:27:23.459907;34.27984903332347;17.832930983809035;8.694952105341116;1.9599272591261752;27.699472808054992;18.978020516645785
2023-10-20 15:27:23.486714;35.02106308121759;17.54213446865731;9.363925185326991;2.2339582961613473;38.750997640216184;19.03527555843968
2023-10-20 15:27:23.518085;36.69928706359542;16.6383403778448;10.947731680710177;1.4766787226013776;50.10867435245464;13.275724690795613
2023-10-20 15:27:23.555072;37.139315651142454;17.138885324904862;14.880790994180842;1.7005184848968042;35.181395391023074;12.217326624507564
2023-10-20 15:27:23.580862;37.34089066219025;17.088061197665382;17.641062733446603;1.700094475796135;28.889783900675496;13.524687601339451
2023-10-20 15:27:23.612646;38.00048917557439;16.30332489334657;20.566844983050572;1.2038814712769863;27.65315694068707;17.621766571337787
2023-10-20 15:27:23.644535;37.880216788950406;16.82043654592843;22.05707915329802;1.934115262753238;23.699147280687953;19.022805221774234
2023-10-20 15:27:23.676219;39.260557518730366;18.9990392071507;27.486456640586056;3.3643973723715987;31.872824703551146;19.622453711893996
2023-10-20 15:27:23.707742;37.1702936783083;18.97728691554957;32.59810865122677;3.388211490604732;38.79532266559772;14.41756746178342
2023-10-20 15:27:23.739076;38.037110494879784;24.202650393223934;34.88830395204408;6.703505387595925;32.956249175620854;15.931118905690738
2023-10-20 15:27:23.771149;39.90270226977378;25.283272745496305;38.65140807418362;8.14690329133984;40.451911433029295;65.72964913263128
2023-10-20 15:27:23.802472;39.75471369575129;25.983285652262452;43.251623959479986;7.861425404361086;36.83616983169645;64.75947073521321
2023-10-20 15:27:23.833657;37.20018361227764;24.20339189606196;44.529918650458654;6.918386406693628;41.34689511172357;45.90938044919915
2023-10-20 15:27:23.865246;34.88094612863293;23.88574042350365;47.22003340695912;6.709836807756915;39.785929070575634;32.347443499441994
2023-10-20 15:27:23.881283;33.26357505593907;23.20753889870639;48.02878793865685;6.026459793923152;35.17472295785154;34.420128113482804
2023-10-20 15:27:23.912960;32.050576121751305;22.608413877928626;48.74154519183239;5.837778380010178;28.959348840528662;31.52416526219082
2023-10-20 15:27:23.954291;29.648756649922603;22.208397128620078;46.91266504949948;5.596758433927619;26.44431569303103;33.94932267748118
2023-10-20 15:27:23.986099;28.384514876359162;20.90776735036812;44.74022242713417;4.567014549822659;28.08058940200266;32.97699159632188
2023-10-20 15:27:24.017510;24.797135296459714;21.549839401618556;39.78901640347044;4.799021771111882;34.007540253631646;30.086848790642847
2023-10-20 15:27:24.049438;21.064446411711458;22.914677511526946;35.40771027214444;5.028987002555368;32.162686448539034;25.246932496378946
2023-10-20 15:27:24.070471;20.98335226459548;22.399073717922448;35.68767906779095;4.20329927442117;34.39191495379927;19.547116565021355
2023-10-20 15:27:24.101861;17.037238493416538;0.6076354996817201;0.021551919046771673;3.1389938414396283;4.340020725964337;34.123849904694595
2023-10-20 15:27:24.133373;6.102419791773059;4.514182716322438;15.42907877526747;6.571195333995632;30.61922440115802;21.198419493702687
2023-10-20 15:27:24.165469;3.5410997334517447;16.206887884221914;12.589912321086302;4.23365246355192;3.4841311811289586;6.615733943924283
2023-10-20 15:27:24.197376;4.113317466266295;18.83987639834774;14.960350827798777;3.22595472992694;13.73626830562253;6.354267603509697
2023-10-20 15:27:24.212975;18.777153249703332;4.003965079194018;4.044140537359397;4.547129003884066;9.779237374642946;30.4710417083827
2023-10-20 15:27:24.244916;19.88408176824518;3.0985760299694505;2.4660869224965722;3.8185672115362195;10.517317803739957;25.668342935718726
2023-10-20 15:27:24.276474;19.86506688497414;6.1948752255632655;5.622607877829154;0.25445291826022753;6.521170009077963;25.56870328057306
2023-10-20 15:27:24.307962;2.4567399344217336;20.107193105596338;4.203345693315754;4.54022167724824;28.538033608205296;18.030781952406556
2023-10-20 15:27:24.344664;19.34917595660923;0.723282435990626;4.643161368481088;7.61307454684416;37.654722248835895;4.656898435073231
2023-10-20 15:27:24.371383;3.9725691411772743;24.110487854475792;9.974742989058825;6.254391383860565;11.525371753704746;29.383761148634136
2023-10-20 15:27:24.402756;3.455176638228494;24.03362303541033;10.79819416400727;8.212668213262845;20.325166813258505;27.041641605862793
2023-10-20 15:27:24.433939;1.1887820848719173;24.008155632253562;7.820381414658925;9.610265414271936;19.704844329085404;35.91139018418883
2023-10-20 15:27:24.465443;5.739336384802755;26.18087499222412;8.044428370007978;13.483769487227221;26.984702549029777;33.63482494674909
2023-10-20 15:27:24.497259;8.98329423337546;11.060932053465649;2.132249784361136;13.617877746810422;10.113858624565069;1.4484195654324026
2023-10-20 15:27:24.528542;5.101451736151404;26.061141820593292;3.915973925231185;25.23272721190915;35.983068326547965;48.000661413462154
2023-10-20 15:27:24.559460;25.20855334016801;4.141883017641561;19.343190780310863;11.796001023276546;38.028049008396266;45.21378922987711
2023-10-20 15:27:24.591444;19.049267645830952;3.640836648099395;6.0085732532182305;8.24883844628161;49.83085266256623;29.04209683459274
2023-10-20 15:27:24.622812;33.54328160786983;16.54547479477793;23.381449716505585;6.478345528382732;40.264057427538006;4.033798626702094
2023-10-20 15:27:24.649288;8.755300993127037;20.992349467426777;1.7841067408114952;23.009246260710853;33.65008443441488;27.282706081049156
2023-10-20 15:27:24.680660;0.5154676894680961;6.136038237379296;32.285105400364756;8.989221953454916;63.84986692513647;13.870808568152768
2023-10-20 15:27:24.717252;32.62705429951774;20.220113486054288;11.295500288050107;4.890575607397267;42.20061435197562;22.89778603480022
2023-10-20 15:27:24.749275;26.155248939629786;22.350724224937238;8.876320115096007;7.3250465197417896;53.860720937830195;20.544038560179786
2023-10-20 15:27:24.769417;35.41450381020809;16.264390839682733;8.232921822646603;5.62026282939442;46.892770438382;16.430799889682277
2023-10-20 15:27:24.812633;5.273543669281139;24.93614546900247;9.48981242903784;8.528072138465888;34.64911434506945;41.6232381340599
2023-10-20 15:27:24.838347;33.853150469548495;13.411342982601099;15.498094661297984;3.380827519538684;23.53336753899356;10.54207132964956
2023-10-20 15:27:24.860510;36.61660230431707;15.294489030678506;12.455240610644466;2.380437260482779;26.73734886119817;9.729384318289078
2023-10-20 15:27:24.892046;38.72535424311508;15.142763486963474;8.659115041389072;1.5017651646326726;24.85594645548875;8.20727050572313
2023-10-20 15:27:24.923541;40.0661984795544;19.34355943447315;4.84704111835245;4.896699097815855;31.81565645279815;10.648451357969435
2023-10-20 15:27:24.960179;40.363058178357534;19.291543338160068;2.6864844887236075;4.0326978985504525;36.92859524202123;11.781977649339126
2023-10-20 15:27:24.987246;40.90992911128663;19.013621851140414;2.985683637056894;4.48481392545267;32.64618751523548;13.772749149937056
2023-10-20 15:27:25.018902;41.3370567072333;18.265063009556428;3.895442459848198;4.313130484662139;31.945300381689833;10.722304057780292
2023-10-20 15:27:25.055400;41.77956403038442;18.275971510781602;5.323844735268722;4.004525546612882;31.407949461214912;12.40809783807498
2023-10-20 15:27:25.081456;42.71232522787494;18.196520141537775;8.467190232668827;3.571910559833384;32.69878825696651;10.722304057780292
2023-10-20 15:27:25.112930;42.76949381461236;18.083349088430083;11.947505333588794;3.2828721611844855;30.90422133379994;11.22465381130101
2023-10-20 15:27:25.146060;42.26108984622263;18.40361254446597;13.792502048590393;2.5698080371175536;30.67840812464263;11.48874687030164
2023-10-20 15:27:25.186663;42.206564974025866;17.251317920683448;15.005074113805478;2.0463889525185266;37.087161207198164;11.42814918284148
2023-10-20 15:27:25.218132;43.39297089393142;16.327549214121348;25.081093633155263;1.288012747164288;29.658514265017516;14.474177268432584
2023-10-20 15:27:25.250425;44.74568432044481;16.670102864840686;32.382519923571465;1.0423637793471414;31.701721073865457;14.474177268432584
2023-10-20 15:27:25.281707;46.501378937829344;17.58922576924519;38.54043025559659;2.078893700578959;34.26910500975069;13.909161782595987
2023-10-20 15:27:25.303411;47.30931178187234;17.950178310902743;45.43460648298344;2.078893700578959;30.736135450004525;15.060235850819197
2023-10-20 15:27:25.346292;45.11705630946693;19.951324582748697;41.452308112559535;2.1529996920868086;34.695153531233956;15.44841269961546
2023-10-20 15:27:25.375613;49.67287434751137;23.9892044433507;55.37991622474689;3.421969918599757;19.621518586190092;17.692331144590554
2023-10-20 15:27:25.407642;15.293512506494125;41.62981005081883;3.5634866727872634;64.51540364845386;34.41136041387634;29.579467073056207
2023-10-20 15:27:25.429633;9.016294500298642;8.511442222089073;17.35409995409117;27.982453320186437;1.6246666286914717;24.536621333150492
2023-10-20 15:27:25.460429;4.888700075628776;36.57742339505543;25.842440021294948;77.12769863028521;50.617580590126835;39.93179722222911
2023-10-20 15:27:25.507878;44.45380282534228;19.803327034632105;74.42472802997449;3.6356387995590183;50.43555488040684;62.44278044530064
2023-10-20 15:27:25.539158;11.073610351483808;43.78405317481008;5.7201727304324095;78.93500456414687;33.17827116636877;10.407711312490079
2023-10-20 15:27:25.571458;16.094521310119035;49.42111734150336;1.795467596868292;84.78501535999355;35.31764899835184;8.728845897427504
2023-10-20 15:27:25.603315;16.997385931353705;49.48633234274118;1.0964360839927565;86.95718581071306;32.44138437911144;11.280230154486532
2023-10-20 15:27:25.634921;17.800994075082002;47.77144192439661;2.386691931023762;87.50048153975473;25.297863708655683;0.2503269221687958
2023-10-20 15:27:25.666520;15.689133614908599;47.248455585508765;1.0505271242690526;85.88265351873547;27.6711571575961;11.048905671654722
2023-10-20 15:27:25.698387;15.006356351336137;47.80406736323954;0.690657247221452;85.07490890592669;34.33636962083659;0.42613637584034336
2023-10-20 15:27:25.730284;15.952943669754632;45.76763518830262;0.8736509164340589;82.30331295990723;35.95637493381858;5.154233690397177
2023-10-20 15:27:25.761743;15.391950668447777;45.98489516377526;1.3442451155717094;78.8561046617907;39.996136555649656;14.554182443509518
2023-10-20 15:27:25.793453;5.032786514393962;40.13159984741142;24.756025082991954;77.22405630125256;48.699319492287174;4.876956180082914
2023-10-20 15:27:25.824755;49.34420716644067;20.270137728995167;57.46644588231132;2.4341599315593783;25.925503630161558;26.37723656323098
2023-10-20 15:27:25.862338;31.193804195854028;5.835463004571352;41.50707071309273;17.36362489239039;3.3670196575518787;12.648049533901826
2023-10-20 15:27:25.888169;0.8119084897618336;38.18372153312146;5.6222641941116365;35.16811717982273;29.22805194314512;60.848599031255986
2023-10-20 15:27:25.919768;46.84910235653791;19.143462422898892;28.035927729863857;5.895231489086427;26.11593856328946;12.537732926967863
2023-10-20 15:27:25.956553;48.31453338165795;22.102321929188804;27.245376210952458;7.390624874022535;32.38845476061371;22.120228245906617
2023-10-20 15:27:25.998365;9.146776235265406;34.110831788723516;0.8620212934916651;9.839903176800703;25.33055337123278;34.31508759999727
2023-10-20 15:27:26.029623;7.614408270170486;38.50065372034541;4.998237680460477;19.56718365990224;38.933366926394854;71.64631421442708
2023-10-20 15:27:26.061001;13.976613626744864;39.87202196390399;3.940759451675234;24.590117166196023;30.670382732855018;57.449168839107784
2023-10-20 15:27:26.092874;13.378355971546739;40.762006654168204;1.2715645760162033;27.195499377694574;34.0521243714754;36.209731719929096
2023-10-20 15:27:26.124344;12.562523725943691;36.84011279282018;0.9356748437589033;30.23159228090381;33.70575855106006;31.930019609880617
2023-10-20 15:27:26.150902;11.61572439947932;34.748533585507204;0.5675146206336592;32.57761297449787;30.5266723619863;29.460087630366388
2023-10-20 15:27:26.182503;11.381746252199605;33.48519819124067;0.33228331409739553;30.882335450081285;36.324432444747856;30.305450907572578
2023-10-20 15:27:26.220192;10.958270184025025;28.57365703356379;1.582000447264619;32.349097051989474;39.45968202083196;32.912775151493236
2023-10-20 15:27:26.247468;11.566508155299545;26.19109273650062;0.8076554502562203;34.161768808967224;38.386539517685264;25.064195089784533
2023-10-20 15:27:26.282304;11.558743569653728;23.407228710891047;1.201079925544775;31.893085612255703;37.55306372751903;22.972721330828648
2023-10-20 15:27:26.314396;12.313829711580837;20.919977262795868;0.42574483032947796;29.496896098428863;40.62225907125992;17.859204162310363
2023-10-20 15:27:26.347723;13.838750366633178;16.2985603999345;1.7295607384506297;23.630567989008597;39.330235786257646;18.534033513619022
2023-10-20 15:27:26.377193;13.214008264021658;15.600062297708774;4.122800639751489;17.996642045434015;41.43532882536812;22.524032900949464
2023-10-20 15:27:26.418720;15.634179990773674;16.066591322796995;7.2146909774216965;14.416127206071025;40.499886291579344;23.824607534084095
2023-10-20 15:27:26.450776;15.813748647400615;14.662453851950403;9.161986803659488;11.642822904384701;41.541512967589284;25.002826260235594
2023-10-20 15:27:26.482198;18.66444252151328;15.964361732574787;16.165746625925863;11.944958214071335;42.22192486534783;26.358952139693855
2023-10-20 15:27:26.519378;20.662165409080984;14.80185814752204;21.362433648631026;8.266446693801413;41.14499834485588;25.148629083816786
2023-10-20 15:27:26.550986;24.76892781626023;16.24496882004911;28.160346893054367;5.777106061565405;30.776968708553454;28.78058891869236
2023-10-20 15:27:26.582140;24.95005309910826;19.57870929602751;30.76845617226155;6.619799738175061;26.611385554291644;29.648108671755324
2023-10-20 15:27:26.613597;25.7693276243387;21.14206310785937;33.03257236492328;6.354781961920821;24.00048695379286;28.550245280880745
2023-10-20 15:27:26.648251;28.164750053900093;23.102942183209763;34.390374081466746;6.863364378319233;23.560245192115218;26.85751284867726
2023-10-20 15:27:26.677230;13.061551083328084;18.13421318622548;12.459693412742752;9.799848668867611;40.67040894141323;28.73979529168804
2023-10-20 15:27:26.708914;21.35367307000007;10.852100791749876;8.684593431177802;2.9570682456204906;38.1027633852178;1.6308158732780385
2023-10-20 15:27:26.740159;28.659392385018975;12.821892336894393;21.40174436270445;1.5004708356545393;24.383080240287427;20.576629296123087
2023-10-20 15:27:26.772351;11.252562232991608;17.085609150952877;10.461534023475963;32.13800963439948;25.371353416423148;12.157262322722659
2023-10-20 15:27:26.803764;33.79180697483477;21.70935907280014;15.2451083753663;5.832959976631855;27.690676567474213;34.92663291482617
2023-10-20 15:27:26.835381;39.35012535285679;21.101516810890672;18.747426295108653;1.7862598003298729;27.441518108597762;32.29308280584797
2023-10-20 15:27:26.867113;39.73952568124784;23.25726512653523;15.127612989538022;1.4855978431668575;21.58328335432074;31.769523062580163
2023-10-20 15:27:26.898150;38.922535401772365;20.919891136312145;12.757083247611234;0.7505567963640374;35.70974868959334;30.14138555207532
2023-10-20 15:27:26.929783;37.28605383249439;22.116566980334454;22.26228972330884;0.24911051515408644;19.11846405415335;31.504266719204168
2023-10-20 15:27:26.961788;39.751110203772015;25.40787391535227;17.278537772144688;0.044365059552774255;28.19315720360018;33.61696605385265
2023-10-20 15:27:26.993471;41.65718828419483;25.90251055666758;18.711639592041706;0.9920355659885445;27.34337538533555;30.14138555207532
2023-10-20 15:27:27.025460;44.73744357127623;27.020660495746796;26.02199082076217;1.481457170886955;35.07402403217955;29.538782259558076
2023-10-20 15:27:27.062073;46.05026647695547;24.16246066504587;27.975030815609813;0.19997847382660439;30.619558068063526;28.74672516739568
2023-10-20 15:27:27.088907;8.719539607978277;25.65208139443581;10.979830211759008;36.740304507527725;12.614579770098658;0.2677353387014989
2023-10-20 15:27:27.136327;39.38423622134087;28.552417389600464;35.035080749249914;13.241993036209834;22.698087576099653;19.93357810454515
2023-10-20 15:27:27.167141;25.743007620799233;16.25830490855253;3.832145459248835;8.72302699459371;18.813171119345157;2.121096396661443
2023-10-20 15:27:27.199094;26.362498998774555;52.438962683694726;1.2675298246101079;47.40167811802928;19.763988127421044;28.137080237848124
2023-10-20 15:27:27.230461;25.830530142823164;52.55716365647248;0.4692646908791289;52.129373489727;20.896003473452282;21.950760957973273
2023-10-20 15:27:27.261878;21.77010635758174;16.923471441172012;17.596959163276523;44.63530518219068;3.92136072155904;38.724376099764186
2023-10-20 15:27:27.293537;26.181328131651924;1.4428343465368414;24.299916904836806;7.234151035037598;63.66630341679421;12.994616791916513
2023-10-20 15:27:27.325381;23.018485290127074;16.705656983501967;25.180646219120945;33.98693419330448;51.02612720458788;41.880278475553354
2023-10-20 15:27:27.356768;25.16581346075293;15.950871415003377;11.709913375243787;34.0833962179162;5.444700086155422;43.26731546876053
2023-10-20 15:27:27.388632;26.12529713398081;2.3651565578077225;9.004927733203573;9.392970884807568;10.763702853426082;49.39870535499551
2023-10-20 15:27:27.419975;18.100134346159592;21.985939320102545;34.067836422208785;2.244767621439564;5.2508134222432545;18.141734127006316
2023-10-20 15:27:27.451364;12.18355918675627;17.1325794022396;20.98036501248896;9.379345032853223;31.776047339062615;2.871179912782793
2023-10-20 15:27:27.476739;39.13822283149892;23.480060981662803;67.76964099792251;3.9780453430447835;10.025946693667635;20.9637916549093
2023-10-20 15:27:27.514197;17.070697401989378;10.354782319797039;3.3501761839222866;9.55640043034839;60.191416306086296;10.438912091746118
2023-10-20 15:27:27.529740;33.27624509814149;22.02975844967807;62.55396308217588;3.1571552598260553;13.742402930212393;18.50216150134173
2023-10-20 15:27:27.561545;27.23300480571399;15.699777194481555;60.639772576696856;7.160337634177665;4.33785760990267;14.536509208080702
2023-10-20 15:27:27.608809;38.17376148370221;20.773004878833262;68.15621198623344;2.042489638003616;5.522008069071063;11.931749501667127
2023-10-20 15:27:27.640224;36.43911042883536;19.87566110696872;66.12471914607248;1.3874665264636405;3.054388000616683;23.268191766478452
2023-10-20 15:27:27.672239;39.58695572159192;20.49875950276197;70.26188328142273;0.10040138002838717;10.238017717645135;22.236389527425303
2023-10-20 15:27:27.704067;40.33458240332857;19.648695698667723;68.58766495109586;1.1219726336499036;12.883179338257207;24.057649103159974
2023-10-20 15:27:27.719620;37.7525995284943;18.010796835514583;66.72929460563762;0.032859361434361745;0.8669719486607619;22.415215886096007
2023-10-20 15:27:27.756860;10.213218408894534;12.212407382937982;23.83458205446979;5.502570575181068;13.649344130732345;23.016842224070018
2023-10-20 15:27:27.782588;14.749750152002832;15.153644731738808;22.022691958421547;6.262260240064563;14.798825396527889;23.537805994797992
2023-10-20 15:27:27.814259;19.34223779775101;11.024837650332842;20.94370770182448;0.4914250085352023;59.90659567934624;54.45996042070598
2023-10-20 15:27:27.851677;19.39811465087439;39.4827324278084;2.7897265136915905;46.51195506618893;18.378464383912615;19.317999273605437
2023-10-20 15:27:27.887373;18.741853310553523;21.65099838322098;12.35545243428956;12.393222770500387;41.869117151374525;45.86314794834428
2023-10-20 15:27:27.918728;18.3731744215074;26.703535054948247;16.717277477966974;22.605710852598833;52.70442448574855;38.46786331214756
2023-10-20 15:27:27.940782;17.670382962991226;37.53133389442445;1.6463173677723262;32.76844421819632;6.49876371537448;21.115994550998295
2023-10-20 15:27:27.972914;17.630825747911132;38.98007749957276;4.155228625676614;34.401779732015484;8.020689795528341;6.795944016018979
2023-10-20 15:27:28.004413;16.487967420175693;37.263305648952155;3.016904947799077;27.028502885528923;13.37779857173507;26.76563278181382
2023-10-20 15:27:28.036093;15.771462380040106;26.362330864777192;8.158510891474606;24.966820466861606;4.145025509432486;5.088782230574907
2023-10-20 15:27:28.067443;15.091639386812119;31.84746520708981;2.8324107804153016;21.091616199885067;23.22794149020072;26.35245185775034
2023-10-20 15:27:28.083489;10.407726632966813;13.71848175456941;6.178771291693494;31.111421876186427;10.781325388136992;9.88259766337228
2023-10-20 15:27:28.125122;11.56021659185086;21.845554382341533;0.7646605145723981;5.0396187019510705;26.814583601636855;32.91067005462878
2023-10-20 15:27:28.157038;35.607975251635;17.44455504915024;14.98273725833971;5.252956003219339;34.163064696403836;23.891000476351593
2023-10-20 15:27:28.194656;25.510844658712756;19.05060452857279;4.307330258472433;14.989343958942584;46.698256991990945;48.73799845534387
2023-10-20 15:27:28.226458;16.178382050750827;17.29462219651319;4.322629402866426;26.99987282126716;23.22809880039054;69.21408232083314
2023-10-20 15:27:28.258208;14.846796043884893;39.42749384129709;3.441695035397913;21.079124925243235;15.428598375143736;32.538548632016045
2023-10-20 15:27:28.284446;16.477051670041902;44.44606431163871;2.930869264740693;25.23428401366465;16.886293085997266;26.343166737406364
2023-10-20 15:27:28.321471;16.288252041294385;44.6337295657967;3.165823453080975;29.2222764040813;7.341678091715835;24.641661999558323
2023-10-20 15:27:28.353043;16.668858631524444;42.56841590409712;3.6913082227108873;31.883025423736683;9.201943944943991;25.966683589780644
2023-10-20 15:27:28.378227;16.50962318535059;41.345980773611245;2.367456868590864;32.507072697886;10.24902078375601;14.098930291396243
2023-10-20 15:27:28.417415;17.08883764824745;36.88319211989676;2.0800080652409747;38.645133575295006;16.578790775473124;20.071080900615954
2023-10-20 15:27:28.453381;17.118970148075192;10.06258246006692;14.763416076322159;26.17014506649619;78.25952553895867;36.67544661216144
2023-10-20 15:27:28.480458;17.054624068674286;16.636780409832454;1.6787811879446792;9.945639141786785;4.388617477962612;32.02032121126814
2023-10-20 15:27:28.516501;18.648380797959163;17.915859695736515;1.3451888993162129;10.273591128792077;23.218404900793473;43.037635320166004
2023-10-20 15:27:28.543789;18.194153766702414;12.901686532114468;4.22667484498831;3.801117851355855;13.660735805250795;51.78051766958794
2023-10-20 15:27:28.575081;23.71144146689548;20.6383924752065;30.774306084824218;6.438160763556851;38.61736245207709;47.43010206965076
2023-10-20 15:27:28.606531;14.733055312149276;19.94467774563978;21.88761392585434;10.372790586437901;18.697572825418433;51.27015374862964
2023-10-20 15:27:28.638040;22.60883035937124;21.406391203405576;34.55392135610319;4.158417041999371;34.08118996599981;35.59438483061453
2023-10-20 15:27:28.670023;22.401179828617444;16.896206569997503;33.60961079823957;1.8052526249828702;34.64269720049833;36.088525427730644
2023-10-20 15:27:28.706289;19.489150496103548;15.441971443448068;31.315653167858898;0.2253999616683302;32.59782015516262;34.48596323893156
2023-10-20 15:27:28.733623;18.946025388958674;14.480129203430948;27.030903992572462;0.22034451465634675;37.18942584529964;24.892279401199204
2023-10-20 15:27:28.765352;17.373248471834927;14.625795506126764;26.378560681144364;0.8542885143428975;38.093769875691464;21.389822707602235
2023-10-20 15:27:28.796922;16.575718803964634;15.664798340873915;24.554634576762965;2.3924708578340983;34.787591453630625;17.92933565427043
2023-10-20 15:27:28.817274;14.986291973892833;15.067791504605367;22.739758202225374;1.4186682919829252;36.37529646704601;20.612591739110457
2023-10-20 15:27:28.854686;14.503009615836532;14.5737559945388;20.767112819050283;0.41217540112035067;37.484306045884296;21.619084629973827
2023-10-20 15:27:28.886211;14.789959585357906;14.47717709603998;19.996076088195224;1.0054897335386954;36.033201867904836;27.908858576700965
2023-10-20 15:27:28.917654;14.591390169781164;14.41536633508457;19.9550704798188;0.20609903738505864;32.89724135778991;27.765485543997272
2023-10-20 15:27:28.954727;13.599329056570696;14.471277473341047;17.59723088937551;0.362641924067276;35.97231185086784;27.155003821283657
2023-10-20 15:27:28.986202;11.937087157285646;14.165728615210327;14.223540936875935;1.4348079254718868;38.634430474391024;29.381072244068577
2023-10-20 15:27:29.018061;2.917720829269996;7.449753963410416;8.047042480093609;6.8566351907794285;15.27492367271941;39.51108343327766
2023-10-20 15:27:29.049299;16.129922343234227;8.354109556413732;0.4098241842077357;1.006933841724333;29.17675689325125;32.430578596064265
2023-10-20 15:27:29.081416;13.833136714432385;2.281816268675783;0.03667572986955747;0.23310391950653297;29.48232448967991;27.94397549832695
2023-10-20 15:27:29.117373;4.302227484954017;18.888428345934244;6.306008234266983;0.47161588099666574;29.432239360326435;5.357794951555093
2023-10-20 15:27:29.144635;6.0509672483372015;22.668989781397272;0.6353728262958498;0.7410011967602088;8.322927157777656;39.56331813730549
2023-10-20 15:27:29.186559;7.192297117347721;21.654093771799552;2.205723503091235;0.1620442389533423;20.546181262873233;30.976658080946464
2023-10-20 15:27:29.217956;8.410192699220545;23.13965773264613;2.9112435777807377;1.6456771844571847;27.401161192673896;35.01339466231829
2023-10-20 15:27:29.239309;17.03244464744745;6.922497962046549;3.8275294286387975;2.378201612027425;29.146094288004463;24.299134041765598
2023-10-20 15:27:29.271146;7.539445139509354;13.76021397876616;4.126723514483729;3.0054861209978014;22.018585871258892;22.4022319879507
2023-10-20 15:27:29.307911;0.20338676129955502;6.989923043967565;4.136052813105664;5.305356567127603;8.667890351737952;0.01706755372450175
2023-10-20 15:27:29.334196;10.926938350192358;4.242794816338346;1.3261329163468076;9.468433931661764;34.974271595429144;24.253919724316603
2023-10-20 15:27:29.365585;17.984876949728772;11.57690205423188;0.2457986760459221;6.991389497804391;36.33443866027949;26.731705097767787
2023-10-20 15:27:29.407783;17.50535687005575;9.878861719970729;0.0037005605091451343;5.77971859199269;34.73825367865683;27.904138009403
2023-10-20 15:27:29.429312;16.738458653939944;9.501406430358458;2.9560029372067333;5.540564509574239;39.75576368004502;29.60934508978167
2023-10-20 15:27:29.461781;16.098688214753054;7.617005070985073;3.514639854473529;4.009955911324852;27.90028051144364;31.531169487571987
2023-10-20 15:27:29.494920;16.567661476828448;6.298590506332118;3.5313026303670085;2.2262486721547816;33.104657898396596;35.10133972806565
2023-10-20 15:27:29.524865;17.547242584723477;6.124506621847132;1.6211459136535495;3.0536670424323518;28.18619709073141;29.578864574215146
2023-10-20 15:27:29.540519;16.596333733692916;10.287561165171667;2.444719887567828;4.123113166332615;31.429936961243442;28.258029614706885
2023-10-20 15:27:29.571892;17.679706081374604;11.181554930559031;0.3549170143852507;5.34672955308892;27.621074983075516;24.811043388999963
2023-10-20 15:27:29.609217;17.81761110167031;12.700344461392604;0.4607580402347935;7.7962823721263135;26.97962014548355;22.577284944839192
2023-10-20 15:27:29.635655;15.175991430424233;11.874523112103049;1.8001355960618923;7.758920213122082;30.00925369173123;29.681284120752167
2023-10-20 15:27:29.667284;16.802304413987002;14.956705883062853;2.612966375167929;8.97487686151814;29.744881296942197;27.35929830083535
2023-10-20 15:27:29.709296;4.464995223618274;6.236511699931754;2.274370627951697;1.0484037482374902;11.012925909734832;15.673853955238314
2023-10-20 15:27:29.730865;0.2808123098161559;15.813012172747932;7.912427063503003;8.216358637525303;9.831245222372644;9.920592407080392
2023-10-20 15:27:29.777968;6.536633648797022;29.697791275171625;13.312289818196064;29.092699926803903;29.7973748091203;30.182930029629063
2023-10-20 15:27:29.793576;21.93744777497841;33.66461976023629;22.43872663939939;30.911844760542806;31.784315705066206;36.48276989169307
2023-10-20 15:27:29.835313;29.117266073080202;34.515900556338096;27.63890354207939;35.346645974833734;28.9645249254213;25.85907256248848
2023-10-20 15:27:29.867103;26.532359086522206;31.15296930205156;25.831243530274406;31.312426896916065;13.190175739664056;35.28778724929862
2023-10-20 15:27:29.898671;28.907620934592643;30.764060427301303;29.357352143187;30.93222888088755;21.474247086129736;34.19408974993203
2023-10-20 15:27:29.920661;31.009524276376766;32.39664669211896;34.20521186572702;35.459898249605885;22.125556067666196;28.052333655110743
2023-10-20 15:27:29.957402;35.53368405820686;33.84165230003933;38.61110096474255;36.47157589784604;24.186870013493007;28.287032226265666
2023-10-20 15:27:29.983665;37.43575001247822;35.684259543458325;41.548108062852094;39.853628946604886;27.050213961844833;26.473083712701822
2023-10-20 15:27:30.019704;38.86323217082196;38.13471751106479;43.133287894984335;41.349252309978;26.345407972302922;30.048057624638744
2023-10-20 15:27:30.047008;40.9431132012829;37.73204644048005;46.840698726602625;42.442095449807795;22.211830686446206;22.60039645422188
2023-10-20 15:27:30.063121;41.27028220324621;37.41820111000945;47.90361754212472;45.702357346115406;21.297354049033743;20.469801420460243
2023-10-20 15:27:30.105225;42.532639514094484;37.72982674231491;50.316316955674324;47.25480518923737;22.430144517215126;20.257433576185605
2023-10-20 15:27:30.137156;44.07652742173457;41.33977415218962;53.91231381387169;51.482266675987916;21.975729806192476;17.332699326177647
2023-10-20 15:27:30.174656;44.938505255167144;44.20171818119894;57.489567390305595;53.39437601545659;20.91680380334276;16.48758678198581
2023-10-20 15:27:30.201176;46.003075238983854;46.44749971733893;60.355837609389425;55.73173781323645;17.690754462338873;18.922906758589193
2023-10-20 15:27:30.232748;48.03147265879636;50.167980634718845;63.855846886189724;58.939623357974284;18.97995763552956;19.137850848391565
2023-10-20 15:27:30.258066;51.06331044752528;51.42292263909869;66.90798137835351;60.68638827634564;18.857268787690487;19.692267499549416
2023-10-20 15:27:30.285904;53.58546039150464;54.40010451866969;69.49082727595291;64.07142551654955;19.889478526525977;19.808378772427858
2023-10-20 15:27:30.316591;55.571134335785544;57.85533457461085;72.70163634168988;67.9425736672386;24.522679352355425;20.655549015648262
2023-10-20 15:27:30.347861;57.95558402105553;59.462108404069994;77.4283863372789;70.68293614860241;25.64432995237479;25.515044930527182
2023-10-20 15:27:30.379859;59.34933204294714;62.18170047345832;80.33493348775565;72.64974118922049;27.3151907321745;26.442813622091336
2023-10-20 15:27:30.411142;61.12897778180641;65.35701662661691;82.1336882013254;75.2414838191159;28.183543064607363;26.877696009832647
2023-10-20 15:27:30.442979;62.444212316467684;67.49685416003328;83.75734010887686;77.24549091110691;26.472038629705168;26.877696009832647
2023-10-20 15:27:30.474190;63.789086185892984;69.0746762379748;85.14621103330863;78.45921471347079;24.79961271667787;26.91872433632443
2023-10-20 15:27:30.510622;66.82688471333506;71.50953202825963;90.39894265127867;80.47533202821;21.37269948282568;24.14554196042164
2023-10-20 15:27:30.553226;63.76064372986532;70.64752232749;87.76116209139269;80.07478936699603;21.123882949376537;21.11511022498925
2023-10-20 15:27:30.569334;66.26387250284084;73.75870022278248;90.5376689009945;84.00063665528161;20.461151770850904;20.23408404907417
2023-10-20 15:27:30.616987;70.74736768435302;78.26118870518378;95.97287171307953;89.14898088032717;18.51164995449733;19.71359110179526
2023-10-20 15:27:30.633061;67.69761571443247;74.27264195379183;92.15441204324452;86.64412511029549;18.8112997973129;17.488638304382903
2023-10-20 15:27:30.675101;68.31722347242948;72.28115908524269;91.77901683910021;85.04783325195326;17.125559003511427;18.131300787477358
2023-10-20 15:27:30.706654;67.41712667634944;71.80309054675655;91.36778578453249;85.13293385939356;17.4840688369855;17.908000086622593
2023-10-20 15:27:30.738190;67.21563661547685;71.97249471676756;91.8086315288324;85.48898645447089;15.57298956975555;17.001595835407727
2023-10-20 15:27:30.770111;66.46095400562278;71.30904783658168;91.8582632071765;84.77942300587519;13.848725806613288;17.969542253624383
2023-10-20 15:27:30.801926;66.33918748123271;70.7802265740861;92.1463842748209;84.59178186238807;14.701002427030886;17.744671625056924
2023-10-20 15:27:30.833861;64.99905080408561;68.89703313463453;90.73537802424103;83.5541044047258;15.717632841924313;16.838267373842086
2023-10-20 15:27:30.865687;62.76958420636798;67.22347094339507;88.79569662275722;82.06090276642304;14.589274357681518;16.107490368073655
2023-10-20 15:27:30.896750;59.557573752928946;63.7536998988335;85.97173633351487;78.92979742206063;13.810670698292455;16.927513064147035
2023-10-20 15:27:30.927375;56.805371496709895;59.05657553929201;82.16631334778545;74.48801853290705;15.024226978786857;16.529900423361994
2023-10-20 15:27:30.955403;55.073454012462136;55.41906259444711;79.48455894634638;70.71712360125971;14.914146408649117;18.548658977800415
2023-10-20 15:27:30.981552;52.990424962615805;51.46438719172019;76.80577530691997;67.21996879557672;20.296051673476143;17.890163567853534
2023-10-20 15:27:31.012939;51.94028745718717;50.48514999692753;74.36994535286152;65.75143370851809;20.285784113089306;18.66379445928436
2023-10-20 15:27:31.054855;50.572339818008885;47.95971003861237;71.29017517638684;63.288329292065626;21.27991392883527;19.328898735031856
2023-10-20 15:27:31.076198;48.8827949185611;43.29979770945204;67.5426278965747;59.865791671927326;23.52106107311309;19.86087768644336
2023-10-20 15:27:31.124280;48.03556912505556;41.4478907283615;63.63049679919287;57.72118762461983;25.376512567869156;21.882882753045322
2023-10-20 15:27:31.159089;47.67212519311022;38.657609702385884;59.18105230597661;53.60105546201551;26.835993890337676;23.164517757781
2023-10-20 15:27:31.187405;47.396825481778876;37.115064321296785;55.88485946717185;51.223076769176686;24.688069307524643;22.208325164368176
2023-10-20 15:27:31.220003;44.15652850168422;35.89307636411573;50.40575401497824;47.45168573104334;22.704318552194735;21.960013315185392
2023-10-20 15:27:31.255399;41.95026433256399;34.65670154493222;45.30938318316953;44.21401690014204;23.481390682607696;20.009115181006024
2023-10-20 15:27:31.282598;40.0235471714054;31.05313491030867;39.252169576031946;37.416072947988255;24.590117166196023;20.237752754172817
2023-10-20 15:27:31.314115;38.03802995315539;25.889908197052563;34.58634143624431;29.824684982015242;27.964793576249207;24.127129509018772
2023-10-20 15:27:31.355638;35.760731892318034;22.030513262307238;30.73548770192008;24.670733298447402;27.149681697783194;26.418343004337714
2023-10-20 15:27:31.377289;33.143236701271746;17.485221472364515;24.722342940028398;18.79128271098037;30.946272315492934;27.28833361306809
2023-10-20 15:27:31.424965;29.00419253098704;13.23488380278502;17.94179042913879;12.782157884633904;32.14685932788208;28.03848253730567
2023-10-20 15:27:31.440780;27.188839720756647;12.91699461256988;14.20050211495925;8.77388618647339;34.970289266007;27.00053298356815
2023-10-20 15:27:31.472147;24.319316108870908;13.391336794374524;10.20159183028403;6.638976457518538;35.87285897106449;25.6446386759647
2023-10-20 15:27:31.509208;23.811830404214334;16.24519888392669;9.982327711272262;7.335464944386871;34.747411182233606;29.50120331297569
2023-10-20 15:27:31.535288;21.57447137737975;15.333045131283768;6.876745386826201;3.634384720535877;33.38255220608758;29.411937091268527
2023-10-20 15:27:31.576942;18.7539590760297;16.56306725632504;2.2743322709099516;1.6277640670884352;33.363138688012356;29.141563308043516
2023-10-20 15:27:31.598374;16.770511330642165;15.667177901083448;0.7439438533677674;0.9753724918138005;39.73894992440222;30.093412035834064
2023-10-20 15:27:31.629857;14.28854195340034;15.513414419281673;2.1923129330871802;2.9257498082467635;38.18307962567215;36.78253756181175
2023-10-20 15:27:31.665855;14.340482304025556;15.679389954091107;0.9171386166702007;0.3681159395492557;38.187219140647585;33.75338552766178
2023-10-20 15:27:31.703960;14.23322235294171;15.86206119921468;0.44620789580142173;1.480568123354999;39.380140975885695;34.5590497906291
2023-10-20 15:27:31.734778;13.952231001356921;17.461346869446373;1.4878098765266259;3.709604244313823;39.386342963007564;33.02045890319093
2023-10-20 15:27:31.766575;14.194927331611666;17.243606530228675;0.4814658058383259;3.225587918256707;38.85337434035333;34.55437794347486
2023-10-20 15:27:31.798648;13.92877729600616;16.531725316614626;0.24175290926822868;3.0749647875286996;38.08877288097534;34.9254446373414
2023-10-20 15:27:31.819809;13.770007017780642;16.965351635479493;0.6088242010685576;3.6127003843777743;42.825948160809446;34.433490716336706
2023-10-20 15:27:31.860781;14.81831319492531;17.266705911613172;11.701362830339548;15.716990489593258;7.459240839678245;31.404115087749744
2023-10-20 15:27:31.882499;18.934139643701826;12.30685856192079;10.42880414555114;0.402577248688317;33.57035232302442;19.430153974138733
2023-10-20 15:27:31.913930;21.983909042235553;11.068139224714258;17.345637637929457;2.7360908992078237;38.510283953864615;37.220862809085645
2023-10-20 15:27:31.955738;26.259412605882716;11.159425449713353;27.89727103094762;3.368510611040932;37.28614745051516;39.99632307053892
2023-10-20 15:27:31.976602;28.38743449309257;11.745463219706352;34.35616995612426;5.219354884949212;30.447404570875193;40.144054116333166
2023-10-20 15:27:32.012962;30.990477684057396;14.796245135638515;36.97586430926256;3.719088524852509;27.345229674053996;44.56536301829237
2023-10-20 15:27:32.039950;35.81522158243962;15.377740381217194;47.256547159723056;3.4755526450860543;23.68005631948654;47.35712202109346
2023-10-20 15:27:32.071756;37.83195773148492;17.4532679778562;50.159019020865856;3.222506656725642;21.041095820481445;53.032831242534485
2023-10-20 15:27:32.108768;15.691202068325794;12.845377216144868;33.41415595670813;20.71823348727898;46.40431393310732;8.988729981395693
2023-10-20 15:27:32.134685;25.99760002819886;23.45803411291641;19.815666248702485;1.4771685774844912;33.42342120455987;21.91008926469567
2023-10-20 15:27:32.166740;42.65840992064193;23.380699067302686;33.64442963249084;3.0764016968580563;58.22815881088512;30.446190211891235
2023-10-20 15:27:32.198728;44.94329738675316;23.319626029470072;28.873203826618095;4.901359934455172;39.85363067948742;26.444682069470673
2023-10-20 15:27:32.230160;43.77481553313265;23.81934116814645;25.73935374508065;4.228182705161686;37.353183916824634;28.47366024914885
2023-10-20 15:27:32.261269;42.59291838768871;24.92588032530722;24.585470523865382;4.131731335335928;40.40983408687947;31.93432537306012
2023-10-20 15:27:32.293205;45.65564309313666;25.98296604188758;29.635817215456598;2.2679545359056306;51.58891090664898;31.6257080786971
2023-10-20 15:27:32.325063;48.19636092711272;27.955896933534376;35.75324000539683;0.43971726829485647;43.90024938466212;30.985537857583097
2023-10-20 15:27:32.361424;56.257591323731745;28.528816954439577;48.742095249653545;0.42602938348511543;36.7543303405304;30.963756532073518
2023-10-20 15:27:32.388480;60.51158869785779;30.13420167803858;58.31853002811134;0.8319228413470512;14.835210997636267;32.02833518155725
2023-10-20 15:27:32.420040;60.52027847862608;30.581370378122188;67.43659599176593;1.8624218575185978;36.94899516231425;34.30504544511882
2023-10-20 15:27:32.456203;61.12855036494257;31.543904774495786;76.55124690648466;1.5890850580719018;31.81283749411898;31.700562694465106
2023-10-20 15:27:32.483476;61.84127020119661;30.857909681663585;84.53968688716313;1.867879717259541;5.932520384242309;31.69107641397295
2023-10-20 15:27:32.514945;58.29625893961418;29.824399687938552;87.21276467561252;2.1926474076287548;4.021276196939425;31.12856826431073
2023-10-20 15:27:32.557037;56.67325411135538;28.81000223218743;89.2312902872668;2.239933032744233;39.72852937631933;31.822697175209555
2023-10-20 15:27:32.593722;56.07728940077169;27.37620245111802;90.41587612666696;1.5343414997008722;56.77816897470221;28.886581766910723
2023-10-20 15:27:32.625144;53.952767612778715;27.018909665803136;90.14256592518676;1.8701410471821305;37.40535663140855;29.80814369631244
2023-10-20 15:27:32.656864;51.524971354093395;28.36298303397851;88.58017657695329;3.4909102945295274;56.28138450452758;28.95768951942398
2023-10-20 15:27:32.688718;14.780658142887717;21.284203070085226;45.280401250039716;6.989339707413933;8.308344388671912;31.12856826431073
2023-10-20 15:27:32.709120;24.835981151714662;23.710914290832363;57.53636420195373;3.2004141964039547;20.468511294951696;29.570753256748503
2023-10-20 15:27:32.746728;32.20466966962164;25.04922135477841;57.687376627763214;3.3338506615365304;28.130196588146475;28.273651584712326
2023-10-20 15:27:32.768253;39.82438334435665;21.934097795119442;61.35832012145785;1.3579828245349574;26.986870823175025;29.26916667369133
2023-10-20 15:27:32.800298;43.38066561420561;20.764935634042132;58.12143561168051;0.5879480841228713;27.35611024191752;28.257425848747403
2023-10-20 15:27:32.831328;43.70297238011628;19.434555648742446;51.61588213298069;0.6775456011248764;37.51565527633093;31.608664267452866
2023-10-20 15:27:32.867701;43.22069412676507;20.795522677320122;35.96611648374517;0.06226446093936033;35.758687331699065;30.58840349611131
2023-10-20 15:27:32.895311;43.84653270602243;20.854669468580255;29.819089145653294;1.0186495439755276;24.69175400274193;31.163950614360203
2023-10-20 15:27:32.926499;43.92847482948159;21.054337979273726;30.70514415319846;1.2711309688187384;40.415094251548425;31.163950614360203
2023-10-20 15:27:32.957980;44.96973348490289;21.966409409502262;34.26728619871659;0.5377767546453924;20.559168513154162;32.632570242633875
2023-10-20 15:27:32.984284;46.73447303479594;21.39368814926786;44.882743114362995;1.3829946799996549;47.126150420127885;33.62852535897801
2023-10-20 15:27:33.015752;25.13548095954829;24.02024679726489;16.42589475977752;0.36316297626208893;35.92707060431684;33.35603638842292
2023-10-20 15:27:33.047340;37.28136546526437;24.895880091383248;43.10077535062413;1.1398343597942073;40.464485498339144;31.97805314211797
2023-10-20 15:27:33.079021;42.34920690150025;21.693823129255776;60.80141608826618;0.8848440975744438;30.028436891396666;34.68825624229254
2023-10-20 15:27:33.110842;42.06999740277939;21.16308679235499;66.39388090809099;1.7529217305487066;43.690180176075074;35.25635871296282
2023-10-20 15:27:33.142642;25.551409848346054;22.26955244664495;57.508901403308826;0.34270855739572426;30.07238068169778;5.308442294155668
2023-10-20 15:27:33.169115;9.559107291571848;20.610674081256775;42.428685949229134;2.8652971901160527;20.138782799033407;10.745460298713226
2023-10-20 15:27:33.211927;20.551018572539192;21.711045089554204;6.490058711496346;43.68851612091609;59.52622458392749;43.256753515694186
2023-10-20 15:27:33.244383;22.004735393433236;22.727161172427458;6.566815059671939;53.54778468250613;3.494352816008643;32.880108997256855
2023-10-20 15:27:33.276322;22.64591524870002;15.385918860174513;6.395159241770386;46.05118074954373;3.0286985783405385;11.481991354748118
2023-10-20 15:27:33.307794;18.86816226257318;9.479082438171844;7.628868630457674;31.589049830017643;0.41315671365580897;26.651470085169507
2023-10-20 15:27:33.324270;17.59163425649129;9.014902995275435;4.612061619249232;28.473414682126474;4.782838399695095;3.2556850351835465
2023-10-20 15:27:33.364722;18.949807853368895;5.388028740972999;1.6167542125563727;19.82781760084174;11.953678188195624;7.843791818235758
2023-10-20 15:27:33.387155;17.371921865580305;2.0892522196095342;5.092368749828182;14.779188988458372;18.7693466230387;8.31104043864724
2023-10-20 15:27:33.418810;16.127749247209294;3.3664606634298195;3.9513788052480265;12.421122496678777;18.553409948777585;9.869982582802265
2023-10-20 15:27:33.455185;13.157542740014804;3.6793931078769617;3.515015059246565;9.192253689507595;27.531718647999213;20.939035759837452
2023-10-20 15:27:33.482040;10.685548924945863;4.810867768912516;0.6703272773816025;3.9632795764764523;25.121307604000435;20.764016934747502
2023-10-20 15:27:33.513442;9.797533277292757;4.410725723659112;0.91020826139669;1.8100875136678667;17.60422295645884;8.644364398796455
2023-10-20 15:27:33.545598;11.384442991795908;3.6549517082802367;3.026415295771244;0.6610758115854765;4.854346874250268;3.990913098429786
2023-10-20 15:27:33.581691;8.575843822811265;5.754721998800562;1.163754202195804;3.3715342292992716;4.02008300965943;0.2541943371759601
2023-10-20 15:27:33.609150;0.42598307664249546;5.46598485496861;5.667921176951069;6.6975412464738895;0.08489829609493427;1.628027187431968
2023-10-20 15:27:33.640775;5.146845371674374;6.79262778328777;9.2029316299475;5.906699554888689;4.550281137663916;1.8908768460380259
2023-10-20 15:27:33.672783;5.440535190135506;6.757921749722328;7.070987332519053;4.699810614754085;1.963188972198168;0.7599031980625739
2023-10-20 15:27:33.704198;8.393972537177433;4.543074866314754;12.952706387839442;6.682035960285333;10.580225296361903;0.6794790293432129
2023-10-20 15:27:33.735597;7.334378801416733;1.2881101082195414;13.745165653338859;8.623244516313378;5.184276082174279;13.932389619270793
2023-10-20 15:27:33.767114;28.28051590781891;35.399562589228566;4.728786026617655;34.179228117392796;11.810741286927055;18.539847606327015
2023-10-20 15:27:33.798550;31.05602637838456;37.83126187729707;1.090565335181651;44.19982714402883;11.232853782065689;34.767297117629255
2023-10-20 15:27:33.829988;22.63003298320612;28.311799794348133;2.717210389691104;46.11858490451897;9.891244302584965;8.167096743257105
2023-10-20 15:27:33.867007;17.479966742315042;29.909919206279085;3.044550682706415;48.180361903195376;4.696945585384839;6.249225513293993
2023-10-20 15:27:33.893464;13.300313464822693;32.8380099610728;3.279706450159125;48.58317949060367;7.288109769593547;4.346611379579855
2023-10-20 15:27:34.004701;23.016804687330108;30.986572241115198;15.201511140563213;15.264928610691186;1.2690027634728267;13.804614386818912
2023-10-20 15:27:34.020244;9.701567594538545;0.16753104160162025;2.461730197916353;35.859842343501725;41.52125485985505;21.501434324047892
2023-10-20 15:27:34.065655;10.082060990801097;6.0448743198105035;0.6802775930869984;24.324456842124363;47.4130668113618;24.455662929462704
2023-10-20 15:27:34.094957;7.35903426094589;5.205502695674397;6.330143496548828;29.558808745814588;34.10591339224678;2.2746014521914333
2023-10-20 15:27:34.206029;15.00046435765094;7.695812394940589;3.7280805607293246;4.172724969123891;26.915036468780016;32.088088927397195
2023-10-20 15:27:34.227583;13.113791937256536;10.855041703156047;7.7416143721590345;3.281553545186597;17.719120245062584;8.028378928833519
2023-10-20 15:27:34.263782;26.436872913254433;58.071502770581716;5.821346653030588;5.190263860405395;21.369374593294566;13.777879024197517
2023-10-20 15:27:34.290212;26.39489162387929;43.28706998877939;6.844869512473139;3.342456653011652;27.886047140408266;25.531577052801794
2023-10-20 15:27:34.321969;23.707801076122195;43.22222432113995;7.659162758452055;4.6520016838330775;23.04254327182474;32.64732586408803
2023-10-20 15:27:34.358117;21.285122302250954;46.4721171676878;3.4153080491475407;9.654580283610102;23.516821787806208;19.951590694763212
2023-10-20 15:27:34.516022;14.394062428536955;23.379810794665758;1.8568114356069998;1.7547623781796062;28.224111635798437;23.227119530135155
2023-10-20 15:27:34.923123;15.094748646478507;8.923606706324335;0.08253347662909505;0.3966388050146463;30.380383035304078;18.801643113893874
2023-10-20 15:27:34.954553;18.798448830506885;13.255298092602288;5.283786137096968;3.561075301438251;33.16438540719582;32.37779947212937
2023-10-20 15:27:34.986675;19.870342886850267;14.239673582219439;8.184239185047375;9.273049151742129;34.47874369119319;26.290994037831666
2023-10-20 15:27:35.018235;43.677150831684855;28.18923898063224;26.963435132776226;3.216959925638122;38.44644770102775;52.223730416150545
2023-10-20 15:27:35.049955;42.06629041299985;43.70359575873363;32.02227987198003;28.777064326013743;39.490857293771626;48.66348583817873
2023-10-20 15:27:35.081970;38.80929403787141;37.18003164932506;29.832318647995038;29.155329069171756;54.013539379496734;40.60534668032395
2023-10-20 15:27:35.113616;26.116691427239942;23.2341337966279;26.93670861375304;19.471378249290836;31.644659037092566;32.86300055212581
2023-10-20 15:27:35.145515;20.15828037016135;16.536933678056897;27.485217501077614;23.39317718122956;35.19160835401644;41.53737584656869
2023-10-20 15:27:35.177310;15.174199809860909;6.070908179032756;11.433160412291102;3.572106320236969;33.11475181453173;34.096785943936624
2023-10-20 15:27:35.208722;12.82008348181796;11.530025228872262;8.297775732279064;1.846196936098579;31.403162031678505;32.1127249377609
2023-10-20 15:27:35.234647;6.608782527997988;0.9066460126990421;6.538543671548325;7.93063234341497;21.602419282836877;29.98421064648136
2023-10-20 15:27:35.256281;9.133847426481168;7.369310586331778;13.030903087664854;11.172543126522157;16.21331286680544;5.909625101088778
2023-10-20 15:27:35.287991;3.918477953957904;6.835298867902907;12.139862090270242;4.873991769470933;4.889986357644915;16.31672879260836
2023-10-20 15:27:35.319729;0.15059315477213886;3.7433616215987513;13.023231730839882;3.8477611583182068;17.821730826107824;33.003870518745316
2023-10-20 15:27:35.361315;3.542399783058329;1.2421203378054884;16.978667712858424;7.112570214740373;31.659481650385544;13.197264080009177
2023-10-20 15:27:35.383291;7.881901804527274;2.218894232400828;15.002015351349144;2.5640597454284944;21.56859573512523;21.40855595375868
2023-10-20 15:27:35.419522;9.816502352438334;0.1050855458370279;6.213596296219208;2.1530470239395925;12.503952336762381;4.38388620380087
2023-10-20 15:27:35.456368;5.814711116076069;1.2116881015835759;3.469549602186305;2.54568234963196;5.83641951420654;0.2091382867957634
2023-10-20 15:27:35.488117;1.7093520410672056;12.789608922930142;17.19766116777106;9.378450643004868;12.519875164265244;18.26790620724111
2023-10-20 15:27:35.525573;9.251464641449815;13.883251095860913;15.809576680318713;10.709504726320233;1.4441255309357643;32.47520333634671
2023-10-20 15:27:35.556766;7.559574825764685;10.871974433537446;15.41164082337616;7.77537918358982;45.406538443620434;14.325362418996605
2023-10-20 15:27:35.588558;8.01081268747754;11.201457178839945;8.586049231690112;5.936870721824192;47.89763791669151;6.039261722379365
2023-10-20 15:27:35.620456;2.1823885543379333;11.822749020442643;10.347158084792738;6.353051899389413;30.367545448229606;13.931370285143572
